<?xml version="1.0"?>
<!--<!DOCTYPE metadata SYSTEM "http://www.esri.com/metadata/esriprof80.dtd">-->
<metadata xml:lang="fa"><Esri><CreaDate>20100107</CreaDate><CreaTime>12211300</CreaTime><SyncOnce>FALSE</SyncOnce><DataProperties><lineage><Process Name="RepairGeometry_1" ToolSource="D:\Application\ArcGIS9.2\ArcGIS\ArcToolbox\Toolboxes\Data Management Tools.tbx\RepairGeometry" Date="20050626" Time="192020">RepairGeometry "D:\Tehran\Abootalebi\All\Tehran 1387-05-14\Streets\Tehran_1387-05-13_After_2_line_free.shp" "D:\Tehran\Abootalebi\All\Tehran 1387-05-14\Streets\Tehran_1387-05-13_After_2_line_free.shp"</Process><Process Name="RepairGeometry_1" ToolSource="D:\Application\ArcGIS9.2\ArcGIS\ArcToolbox\Toolboxes\Data Management Tools.tbx\RepairGeometry" Date="20080828" Time="181503">RepairGeometry "D:\Samroad Delivery\Delivery\Final_UTM.shp" "D:\Samroad Delivery\Delivery\Final_UTM.shp"</Process><Process Name="FeatureClassToFeatureClass_1" ToolSource="D:\application\ArcGIS\ArcToolbox\Toolboxes\Conversion Tools.tbx\FeatureClassToFeatureClass" Date="20080812" Time="094753">FeatureClassToFeatureClass "D:\Abootalebi_Tehran\Tehran 1387-05-22\Streets\Final_UTM.shp" D:\Abootalebi_Tehran\1387-05-22.mdb\St22 Streets # "COST COST true false false 19 Double 15 18 ,First,#,D:\Abootalebi_Tehran\Tehran 1387-05-22\Streets\Final_UTM.shp,COST,-1,-1;NAME_FA NAME_FA true false false 75 Text 0 0 ,First,#,D:\Abootalebi_Tehran\Tehran 1387-05-22\Streets\Final_UTM.shp,NAME_FA,-1,-1;DNAME_FA DNAME_FA true false false 10 Text 0 0 ,First,#,D:\Abootalebi_Tehran\Tehran 1387-05-22\Streets\Final_UTM.shp,DNAME_FA,-1,-1;ONE_WAY ONE_WAY true false false 2 Text 0 0 ,First,#,D:\Abootalebi_Tehran\Tehran 1387-05-22\Streets\Final_UTM.shp,ONE_WAY,-1,-1;TRAFIC TRAFIC true false false 1 Short 0 1 ,First,#,D:\Abootalebi_Tehran\Tehran 1387-05-22\Streets\Final_UTM.shp,TRAFIC,-1,-1;TYPE TYPE true false false 2 Short 0 2 ,First,#,D:\Abootalebi_Tehran\Tehran 1387-05-22\Streets\Final_UTM.shp,TYPE,-1,-1;RNAME_FA RNAME_FA true false false 50 Text 0 0 ,First,#,D:\Abootalebi_Tehran\Tehran 1387-05-22\Streets\Final_UTM.shp,RNAME_FA,-1,-1;NAME_EN NAME_EN true false false 50 Text 0 0 ,First,#,D:\Abootalebi_Tehran\Tehran 1387-05-22\Streets\Final_UTM.shp,NAME_EN,-1,-1;NAME_AR NAME_AR true false false 50 Text 0 0 ,First,#,D:\Abootalebi_Tehran\Tehran 1387-05-22\Streets\Final_UTM.shp,NAME_AR,-1,-1;RNAME_EN RNAME_EN true false false 50 Text 0 0 ,First,#,D:\Abootalebi_Tehran\Tehran 1387-05-22\Streets\Final_UTM.shp,RNAME_EN,-1,-1;RNAME_AR RNAME_AR true false false 50 Text 0 0 ,First,#,D:\Abootalebi_Tehran\Tehran 1387-05-22\Streets\Final_UTM.shp,RNAME_AR,-1,-1;DNAME_EN DNAME_EN true false false 10 Text 0 0 ,First,#,D:\Abootalebi_Tehran\Tehran 1387-05-22\Streets\Final_UTM.shp,DNAME_EN,-1,-1;DNAME_AR DNAME_AR true false false 10 Text 0 0 ,First,#,D:\Abootalebi_Tehran\Tehran 1387-05-22\Streets\Final_UTM.shp,DNAME_AR,-1,-1" # D:\Abootalebi_Tehran\1387-05-22.mdb\St22\Streets</Process><Process Name="FeatureClassToFeatureClass_2" ToolSource="D:\application\ArcGIS\ArcToolbox\Toolboxes\Conversion Tools.tbx\FeatureClassToFeatureClass" Date="20080812" Time="103129">FeatureClassToFeatureClass D:\Abootalebi_Tehran\1387-05-22.mdb\St22\Streets D:\Abootalebi_Tehran Final_UTM.shp # "COST COST true true false 8 Double 0 0 ,First,#,D:\Abootalebi_Tehran\1387-05-22.mdb\St22\Streets,COST,-1,-1;NAME_FA NAME_FA true true false 75 Text 0 0 ,First,#,D:\Abootalebi_Tehran\1387-05-22.mdb\St22\Streets,NAME_FA,-1,-1;DNAME_FA DNAME_FA true true false 10 Text 0 0 ,First,#,D:\Abootalebi_Tehran\1387-05-22.mdb\St22\Streets,DNAME_FA,-1,-1;ONE_WAY ONE_WAY true true false 2 Text 0 0 ,First,#,D:\Abootalebi_Tehran\1387-05-22.mdb\St22\Streets,ONE_WAY,-1,-1;TRAFIC TRAFIC true true false 2 Short 0 0 ,First,#,D:\Abootalebi_Tehran\1387-05-22.mdb\St22\Streets,TRAFIC,-1,-1;TYPE TYPE true true false 2 Short 0 0 ,First,#,D:\Abootalebi_Tehran\1387-05-22.mdb\St22\Streets,TYPE,-1,-1;RNAME_FA RNAME_FA true true false 50 Text 0 0 ,First,#,D:\Abootalebi_Tehran\1387-05-22.mdb\St22\Streets,RNAME_FA,-1,-1;NAME_EN NAME_EN true true false 50 Text 0 0 ,First,#,D:\Abootalebi_Tehran\1387-05-22.mdb\St22\Streets,NAME_EN,-1,-1;NAME_AR NAME_AR true true false 50 Text 0 0 ,First,#,D:\Abootalebi_Tehran\1387-05-22.mdb\St22\Streets,NAME_AR,-1,-1;RNAME_EN RNAME_EN true true false 50 Text 0 0 ,First,#,D:\Abootalebi_Tehran\1387-05-22.mdb\St22\Streets,RNAME_EN,-1,-1;RNAME_AR RNAME_AR true true false 50 Text 0 0 ,First,#,D:\Abootalebi_Tehran\1387-05-22.mdb\St22\Streets,RNAME_AR,-1,-1;DNAME_EN DNAME_EN true true false 10 Text 0 0 ,First,#,D:\Abootalebi_Tehran\1387-05-22.mdb\St22\Streets,DNAME_EN,-1,-1;DNAME_AR DNAME_AR true true false 10 Text 0 0 ,First,#,D:\Abootalebi_Tehran\1387-05-22.mdb\St22\Streets,DNAME_AR,-1,-1;Shape_Leng Shape_Length false true true 8 Double 0 0 ,First,#,D:\Abootalebi_Tehran\1387-05-22.mdb\St22\Streets,Shape_Length,-1,-1" # D:\Abootalebi_Tehran\Final_UTM.shp</Process><Process Name="RepairGeometry_1" ToolSource="D:\Application\ArcGIS9.2\ArcGIS\ArcToolbox\Toolboxes\Data Management Tools.tbx\RepairGeometry" Date="20080905" Time="120331">RepairGeometry "D:\Tehran\Abootalebi\All\Tehran 1387-05-23\Streets\Final_UTM.shp" "D:\Tehran\Abootalebi\All\Tehran 1387-05-23\Streets\Final_UTM.shp"</Process><Process Name="FeatureClassToFeatureClass_1" ToolSource="D:\Application\ArcGIS9.2\ArcGIS\ArcToolbox\Toolboxes\Conversion Tools.tbx\FeatureClassToFeatureClass" Date="20080907" Time="085027">FeatureClassToFeatureClass "D:\Tehran\Abootalebi\All\Tehran 1387-05-24\Streets\Final_UTM.shp" "D:\Tehran\Abootalebi\All\Tehran 1387-05-23\Streets\Final_UTM.mdb" Streets # "COST COST true false false 19 Double 0 0 ,First,#,D:\Tehran\Abootalebi\All\Tehran 1387-05-24\Streets\Final_UTM.shp,COST,-1,-1;NAME_FA NAME_FA true false false 75 Text 0 0 ,First,#,D:\Tehran\Abootalebi\All\Tehran 1387-05-24\Streets\Final_UTM.shp,NAME_FA,-1,-1;DNAME_FA DNAME_FA true false false 10 Text 0 0 ,First,#,D:\Tehran\Abootalebi\All\Tehran 1387-05-24\Streets\Final_UTM.shp,DNAME_FA,-1,-1;ONE_WAY ONE_WAY true false false 2 Text 0 0 ,First,#,D:\Tehran\Abootalebi\All\Tehran 1387-05-24\Streets\Final_UTM.shp,ONE_WAY,-1,-1;TRAFIC TRAFIC true false false 4 Short 0 4 ,First,#,D:\Tehran\Abootalebi\All\Tehran 1387-05-24\Streets\Final_UTM.shp,TRAFIC,-1,-1;TYPE TYPE true false false 4 Short 0 4 ,First,#,D:\Tehran\Abootalebi\All\Tehran 1387-05-24\Streets\Final_UTM.shp,TYPE,-1,-1;RNAME_FA RNAME_FA true false false 50 Text 0 0 ,First,#,D:\Tehran\Abootalebi\All\Tehran 1387-05-24\Streets\Final_UTM.shp,RNAME_FA,-1,-1;NAME_EN NAME_EN true false false 50 Text 0 0 ,First,#,D:\Tehran\Abootalebi\All\Tehran 1387-05-24\Streets\Final_UTM.shp,NAME_EN,-1,-1;NAME_AR NAME_AR true false false 50 Text 0 0 ,First,#,D:\Tehran\Abootalebi\All\Tehran 1387-05-24\Streets\Final_UTM.shp,NAME_AR,-1,-1;RNAME_EN RNAME_EN true false false 50 Text 0 0 ,First,#,D:\Tehran\Abootalebi\All\Tehran 1387-05-24\Streets\Final_UTM.shp,RNAME_EN,-1,-1;RNAME_AR RNAME_AR true false false 50 Text 0 0 ,First,#,D:\Tehran\Abootalebi\All\Tehran 1387-05-24\Streets\Final_UTM.shp,RNAME_AR,-1,-1;DNAME_EN DNAME_EN true false false 10 Text 0 0 ,First,#,D:\Tehran\Abootalebi\All\Tehran 1387-05-24\Streets\Final_UTM.shp,DNAME_EN,-1,-1;DNAME_AR DNAME_AR true false false 10 Text 0 0 ,First,#,D:\Tehran\Abootalebi\All\Tehran 1387-05-24\Streets\Final_UTM.shp,DNAME_AR,-1,-1;Shape_Leng Shape_Leng true false false 19 Double 0 0 ,First,#,D:\Tehran\Abootalebi\All\Tehran 1387-05-24\Streets\Final_UTM.shp,Shape_Leng,-1,-1" # "D:\Tehran\Abootalebi\All\Tehran 1387-05-23\Streets\Final_UTM.mdb\Streets"</Process><Process Name="FeatureClassToFeatureClass_2" ToolSource="D:\Application\ArcGIS9.2\ArcGIS\ArcToolbox\Toolboxes\Conversion Tools.tbx\FeatureClassToFeatureClass" Date="20080907" Time="105133">FeatureClassToFeatureClass "D:\Tehran\Abootalebi\All\Tehran 1387-05-26\Streets\Final_UTM.shp" "D:\Tehran\Abootalebi\All\Tehran 1387-05-26\Streets\Final_UTM.mdb" Streets # "OBJECTID OBJECTID true false false 9 Long 0 9 ,First,#,D:\Tehran\Abootalebi\All\Tehran 1387-05-26\Streets\Final_UTM.shp,OBJECTID,-1,-1;COST COST true false false 19 Double 0 0 ,First,#,D:\Tehran\Abootalebi\All\Tehran 1387-05-26\Streets\Final_UTM.shp,COST,-1,-1;NAME_FA NAME_FA true false false 75 Text 0 0 ,First,#,D:\Tehran\Abootalebi\All\Tehran 1387-05-26\Streets\Final_UTM.shp,NAME_FA,-1,-1;DNAME_FA DNAME_FA true false false 10 Text 0 0 ,First,#,D:\Tehran\Abootalebi\All\Tehran 1387-05-26\Streets\Final_UTM.shp,DNAME_FA,-1,-1;ONE_WAY ONE_WAY true false false 2 Text 0 0 ,First,#,D:\Tehran\Abootalebi\All\Tehran 1387-05-26\Streets\Final_UTM.shp,ONE_WAY,-1,-1;TRAFIC TRAFIC true false false 4 Short 0 4 ,First,#,D:\Tehran\Abootalebi\All\Tehran 1387-05-26\Streets\Final_UTM.shp,TRAFIC,-1,-1;TYPE TYPE true false false 4 Short 0 4 ,First,#,D:\Tehran\Abootalebi\All\Tehran 1387-05-26\Streets\Final_UTM.shp,TYPE,-1,-1;RNAME_FA RNAME_FA true false false 50 Text 0 0 ,First,#,D:\Tehran\Abootalebi\All\Tehran 1387-05-26\Streets\Final_UTM.shp,RNAME_FA,-1,-1;NAME_EN NAME_EN true false false 50 Text 0 0 ,First,#,D:\Tehran\Abootalebi\All\Tehran 1387-05-26\Streets\Final_UTM.shp,NAME_EN,-1,-1;NAME_AR NAME_AR true false false 50 Text 0 0 ,First,#,D:\Tehran\Abootalebi\All\Tehran 1387-05-26\Streets\Final_UTM.shp,NAME_AR,-1,-1;RNAME_EN RNAME_EN true false false 50 Text 0 0 ,First,#,D:\Tehran\Abootalebi\All\Tehran 1387-05-26\Streets\Final_UTM.shp,RNAME_EN,-1,-1;RNAME_AR RNAME_AR true false false 50 Text 0 0 ,First,#,D:\Tehran\Abootalebi\All\Tehran 1387-05-26\Streets\Final_UTM.shp,RNAME_AR,-1,-1;DNAME_EN DNAME_EN true false false 10 Text 0 0 ,First,#,D:\Tehran\Abootalebi\All\Tehran 1387-05-26\Streets\Final_UTM.shp,DNAME_EN,-1,-1;DNAME_AR DNAME_AR true false false 10 Text 0 0 ,First,#,D:\Tehran\Abootalebi\All\Tehran 1387-05-26\Streets\Final_UTM.shp,DNAME_AR,-1,-1;Shape_Leng Shape_Leng true false false 19 Double 0 0 ,First,#,D:\Tehran\Abootalebi\All\Tehran 1387-05-26\Streets\Final_UTM.shp,Shape_Leng,-1,-1;Shape_Le_1 Shape_Le_1 true false false 19 Double 0 0 ,First,#,D:\Tehran\Abootalebi\All\Tehran 1387-05-26\Streets\Final_UTM.shp,Shape_Le_1,-1,-1" # "D:\Tehran\Abootalebi\All\Tehran 1387-05-26\Streets\Final_UTM.mdb\Streets"</Process><Process Name="FeatureClassToFeatureClass_1" ToolSource="D:\Application\ArcGIS9.2\ArcGIS\ArcToolbox\Toolboxes\Conversion Tools.tbx\FeatureClassToFeatureClass" Date="20050723" Time="141915">FeatureClassToFeatureClass "D:\TEHRAN_UP\Tehran 1387-05-30\Streets\Final_UTM.mdb\Streets" "D:\TEHRAN_UP\Tehran 1387-05-30\Streets" FINAL_UTM.shp # "COST COST true true false 8 Double 0 0 ,First,#,D:\TEHRAN_UP\Tehran 1387-05-30\Streets\Final_UTM.mdb\Streets,COST,-1,-1;NAME_FA NAME_FA true true false 75 Text 0 0 ,First,#,D:\TEHRAN_UP\Tehran 1387-05-30\Streets\Final_UTM.mdb\Streets,NAME_FA,-1,-1;DNAME_FA DNAME_FA true true false 10 Text 0 0 ,First,#,D:\TEHRAN_UP\Tehran 1387-05-30\Streets\Final_UTM.mdb\Streets,DNAME_FA,-1,-1;ONE_WAY ONE_WAY true true false 2 Text 0 0 ,First,#,D:\TEHRAN_UP\Tehran 1387-05-30\Streets\Final_UTM.mdb\Streets,ONE_WAY,-1,-1;TRAFIC TRAFIC true true false 2 Short 0 0 ,First,#,D:\TEHRAN_UP\Tehran 1387-05-30\Streets\Final_UTM.mdb\Streets,TRAFIC,-1,-1;TYPE TYPE true true false 2 Short 0 0 ,First,#,D:\TEHRAN_UP\Tehran 1387-05-30\Streets\Final_UTM.mdb\Streets,TYPE,-1,-1;RNAME_FA RNAME_FA true true false 50 Text 0 0 ,First,#,D:\TEHRAN_UP\Tehran 1387-05-30\Streets\Final_UTM.mdb\Streets,RNAME_FA,-1,-1;NAME_EN NAME_EN true true false 50 Text 0 0 ,First,#,D:\TEHRAN_UP\Tehran 1387-05-30\Streets\Final_UTM.mdb\Streets,NAME_EN,-1,-1;NAME_AR NAME_AR true true false 50 Text 0 0 ,First,#,D:\TEHRAN_UP\Tehran 1387-05-30\Streets\Final_UTM.mdb\Streets,NAME_AR,-1,-1;RNAME_EN RNAME_EN true true false 50 Text 0 0 ,First,#,D:\TEHRAN_UP\Tehran 1387-05-30\Streets\Final_UTM.mdb\Streets,RNAME_EN,-1,-1;RNAME_AR RNAME_AR true true false 50 Text 0 0 ,First,#,D:\TEHRAN_UP\Tehran 1387-05-30\Streets\Final_UTM.mdb\Streets,RNAME_AR,-1,-1;DNAME_EN DNAME_EN true true false 10 Text 0 0 ,First,#,D:\TEHRAN_UP\Tehran 1387-05-30\Streets\Final_UTM.mdb\Streets,DNAME_EN,-1,-1;DNAME_AR DNAME_AR true true false 10 Text 0 0 ,First,#,D:\TEHRAN_UP\Tehran 1387-05-30\Streets\Final_UTM.mdb\Streets,DNAME_AR,-1,-1" # "D:\TEHRAN_UP\Tehran 1387-05-30\Streets\FINAL_UTM.shp"</Process><Process Name="FeatureClassToFeatureClass_3" ToolSource="D:\Application\ArcGIS9.2\ArcGIS\ArcToolbox\Toolboxes\Conversion Tools.tbx\FeatureClassToFeatureClass" Date="20050723" Time="142421">FeatureClassToFeatureClass "D:\TEHRAN_UP\Tehran 1387-05-30\Streets\FINAL_UTM.shp" "D:\TEHRAN_UP\Tehran 1387-05-30\Streets\STREET_UTM.mdb\STREET" STREETS # "COST COST true false false 19 Double 0 0 ,First,#,D:\TEHRAN_UP\Tehran 1387-05-30\Streets\FINAL_UTM.shp,COST,-1,-1;NAME_FA NAME_FA true false false 75 Text 0 0 ,First,#,D:\TEHRAN_UP\Tehran 1387-05-30\Streets\FINAL_UTM.shp,NAME_FA,-1,-1;DNAME_FA DNAME_FA true false false 10 Text 0 0 ,First,#,D:\TEHRAN_UP\Tehran 1387-05-30\Streets\FINAL_UTM.shp,DNAME_FA,-1,-1;ONE_WAY ONE_WAY true false false 2 Text 0 0 ,First,#,D:\TEHRAN_UP\Tehran 1387-05-30\Streets\FINAL_UTM.shp,ONE_WAY,-1,-1;TRAFIC TRAFIC true false false 4 Short 0 4 ,First,#,D:\TEHRAN_UP\Tehran 1387-05-30\Streets\FINAL_UTM.shp,TRAFIC,-1,-1;TYPE TYPE true false false 4 Short 0 4 ,First,#,D:\TEHRAN_UP\Tehran 1387-05-30\Streets\FINAL_UTM.shp,TYPE,-1,-1;RNAME_FA RNAME_FA true false false 50 Text 0 0 ,First,#,D:\TEHRAN_UP\Tehran 1387-05-30\Streets\FINAL_UTM.shp,RNAME_FA,-1,-1;NAME_EN NAME_EN true false false 50 Text 0 0 ,First,#,D:\TEHRAN_UP\Tehran 1387-05-30\Streets\FINAL_UTM.shp,NAME_EN,-1,-1;NAME_AR NAME_AR true false false 50 Text 0 0 ,First,#,D:\TEHRAN_UP\Tehran 1387-05-30\Streets\FINAL_UTM.shp,NAME_AR,-1,-1;RNAME_EN RNAME_EN true false false 50 Text 0 0 ,First,#,D:\TEHRAN_UP\Tehran 1387-05-30\Streets\FINAL_UTM.shp,RNAME_EN,-1,-1;RNAME_AR RNAME_AR true false false 50 Text 0 0 ,First,#,D:\TEHRAN_UP\Tehran 1387-05-30\Streets\FINAL_UTM.shp,RNAME_AR,-1,-1;DNAME_EN DNAME_EN true false false 10 Text 0 0 ,First,#,D:\TEHRAN_UP\Tehran 1387-05-30\Streets\FINAL_UTM.shp,DNAME_EN,-1,-1;DNAME_AR DNAME_AR true false false 10 Text 0 0 ,First,#,D:\TEHRAN_UP\Tehran 1387-05-30\Streets\FINAL_UTM.shp,DNAME_AR,-1,-1" # "D:\TEHRAN_UP\Tehran 1387-05-30\Streets\STREET_UTM.mdb\STREET\STREETS"</Process><Process ToolSource="D:\Application\ArcGIS9.2\ArcGIS\ArcToolbox\Toolboxes\Data Management Tools.tbx\CopyFeatures" Date="20050724" Time="104603">CopyFeatures "D:\TEHRAN_UP\Tehran 1387-05-31\Streets\STREET_UTM.mdb\STREET\STREETS" "D:\TEHRAN_UP\Tehran 1387-05-31\Streets\STREETS.shp" # 0 0 0</Process><Process ToolSource="D:\Application\ArcGIS 9.3\ArcGIS\ArcToolbox\Toolboxes\Data Management Tools.tbx\RepairGeometry" Date="20081012" Time="145430">RepairGeometry C:\1\Street_Final.shp DELETE_NULL C:\1\Street_Final.shp</Process><Process ToolSource="D:\Application\ArcGIS 9.3\ArcGIS\ArcToolbox\Toolboxes\Data Management Tools.tbx\RepairGeometry" Date="20081012" Time="152633">RepairGeometry C:\1\Street_Final.shp DELETE_NULL C:\1\Street_Final.shp</Process><Process Name="RepairGeometry_1" ToolSource="D:\application\ArcGIS\ArcToolbox\Toolboxes\Data Management Tools.tbx\RepairGeometry" Date="20020218" Time="052459">RepairGeometry "D:\TEHRAN_UP\Tehran 1387-07-24\Street_Final_UTM.shp" "D:\TEHRAN_UP\Tehran 1387-07-24\Street_Final_UTM.shp"</Process><Process Name="FeatureClassToFeatureClass_1" ToolSource="D:\application\ArcGIS\ArcToolbox\Toolboxes\Conversion Tools.tbx\FeatureClassToFeatureClass" Date="20020218" Time="224050">FeatureClassToFeatureClass "D:\TEHRAN_UP\Tehran 1387-07-24\Street_Final_23.shp" "D:\TEHRAN_UP\Tehran 1387-07-24\Final_Street.mdb" Street_Final_23 # "COST COST true false false 19 Double 0 0 ,First,#,D:\TEHRAN_UP\Tehran 1387-07-24\Street_Final_23.shp,COST,-1,-1;NAME_FA NAME_FA true false false 75 Text 0 0 ,First,#,D:\TEHRAN_UP\Tehran 1387-07-24\Street_Final_23.shp,NAME_FA,-1,-1;DNAME_FA DNAME_FA true false false 10 Text 0 0 ,First,#,D:\TEHRAN_UP\Tehran 1387-07-24\Street_Final_23.shp,DNAME_FA,-1,-1;ONE_WAY ONE_WAY true false false 2 Text 0 0 ,First,#,D:\TEHRAN_UP\Tehran 1387-07-24\Street_Final_23.shp,ONE_WAY,-1,-1;TRAFIC TRAFIC true false false 4 Short 0 4 ,First,#,D:\TEHRAN_UP\Tehran 1387-07-24\Street_Final_23.shp,TRAFIC,-1,-1;TYPE TYPE true false false 4 Short 0 4 ,First,#,D:\TEHRAN_UP\Tehran 1387-07-24\Street_Final_23.shp,TYPE,-1,-1;RNAME_FA RNAME_FA true false false 50 Text 0 0 ,First,#,D:\TEHRAN_UP\Tehran 1387-07-24\Street_Final_23.shp,RNAME_FA,-1,-1;NAME_EN NAME_EN true false false 50 Text 0 0 ,First,#,D:\TEHRAN_UP\Tehran 1387-07-24\Street_Final_23.shp,NAME_EN,-1,-1;NAME_AR NAME_AR true false false 50 Text 0 0 ,First,#,D:\TEHRAN_UP\Tehran 1387-07-24\Street_Final_23.shp,NAME_AR,-1,-1;RNAME_EN RNAME_EN true false false 50 Text 0 0 ,First,#,D:\TEHRAN_UP\Tehran 1387-07-24\Street_Final_23.shp,RNAME_EN,-1,-1;RNAME_AR RNAME_AR true false false 50 Text 0 0 ,First,#,D:\TEHRAN_UP\Tehran 1387-07-24\Street_Final_23.shp,RNAME_AR,-1,-1;DNAME_EN DNAME_EN true false false 10 Text 0 0 ,First,#,D:\TEHRAN_UP\Tehran 1387-07-24\Street_Final_23.shp,DNAME_EN,-1,-1;DNAME_AR DNAME_AR true false false 10 Text 0 0 ,First,#,D:\TEHRAN_UP\Tehran 1387-07-24\Street_Final_23.shp,DNAME_AR,-1,-1" # "D:\TEHRAN_UP\Tehran 1387-07-24\Final_Street.mdb\Street_Final_23"</Process><Process Name="FeatureClassToFeatureClass_1" ToolSource="D:\application\ArcGIS\ArcToolbox\Toolboxes\Conversion Tools.tbx\FeatureClassToFeatureClass" Date="20020303" Time="032347">FeatureClassToFeatureClass "D:\TEHRAN_UP\Tehran 1387-08-05\Today\Street_2_08_05.shp" "D:\TEHRAN_UP\Tehran 1387-08-05\Today\Steet_UTM_05.mdb" Street_UTM # "OBJECTID OBJECTID true false false 9 Long 0 9 ,First,#,D:\TEHRAN_UP\Tehran 1387-08-05\Today\Street_2_08_05.shp,OBJECTID,-1,-1;COST COST true false false 19 Double 0 0 ,First,#,D:\TEHRAN_UP\Tehran 1387-08-05\Today\Street_2_08_05.shp,COST,-1,-1;NAME_FA NAME_FA true false false 75 Text 0 0 ,First,#,D:\TEHRAN_UP\Tehran 1387-08-05\Today\Street_2_08_05.shp,NAME_FA,-1,-1;DNAME_FA DNAME_FA true false false 10 Text 0 0 ,First,#,D:\TEHRAN_UP\Tehran 1387-08-05\Today\Street_2_08_05.shp,DNAME_FA,-1,-1;ONE_WAY ONE_WAY true false false 2 Text 0 0 ,First,#,D:\TEHRAN_UP\Tehran 1387-08-05\Today\Street_2_08_05.shp,ONE_WAY,-1,-1;TRAFIC TRAFIC true false false 4 Short 0 4 ,First,#,D:\TEHRAN_UP\Tehran 1387-08-05\Today\Street_2_08_05.shp,TRAFIC,-1,-1;TYPE TYPE true false false 4 Short 0 4 ,First,#,D:\TEHRAN_UP\Tehran 1387-08-05\Today\Street_2_08_05.shp,TYPE,-1,-1;RNAME_FA RNAME_FA true false false 50 Text 0 0 ,First,#,D:\TEHRAN_UP\Tehran 1387-08-05\Today\Street_2_08_05.shp,RNAME_FA,-1,-1;NAME_EN NAME_EN true false false 50 Text 0 0 ,First,#,D:\TEHRAN_UP\Tehran 1387-08-05\Today\Street_2_08_05.shp,NAME_EN,-1,-1;NAME_AR NAME_AR true false false 50 Text 0 0 ,First,#,D:\TEHRAN_UP\Tehran 1387-08-05\Today\Street_2_08_05.shp,NAME_AR,-1,-1;RNAME_EN RNAME_EN true false false 50 Text 0 0 ,First,#,D:\TEHRAN_UP\Tehran 1387-08-05\Today\Street_2_08_05.shp,RNAME_EN,-1,-1;RNAME_AR RNAME_AR true false false 50 Text 0 0 ,First,#,D:\TEHRAN_UP\Tehran 1387-08-05\Today\Street_2_08_05.shp,RNAME_AR,-1,-1;DNAME_EN DNAME_EN true false false 10 Text 0 0 ,First,#,D:\TEHRAN_UP\Tehran 1387-08-05\Today\Street_2_08_05.shp,DNAME_EN,-1,-1;DNAME_AR DNAME_AR true false false 10 Text 0 0 ,First,#,D:\TEHRAN_UP\Tehran 1387-08-05\Today\Street_2_08_05.shp,DNAME_AR,-1,-1;Shape_Leng Shape_Leng true false false 19 Double 0 0 ,First,#,D:\TEHRAN_UP\Tehran 1387-08-05\Today\Street_2_08_05.shp,Shape_Leng,-1,-1" # "D:\TEHRAN_UP\Tehran 1387-08-05\Today\Steet_UTM_05.mdb\Street_UTM"</Process><Process Name="FeatureClassToFeatureClass_2" ToolSource="D:\application\ArcGIS\ArcToolbox\Toolboxes\Conversion Tools.tbx\FeatureClassToFeatureClass" Date="20020303" Time="210805">FeatureClassToFeatureClass "D:\TEHRAN_UP\Tehran_1387-08-06\Tehran Final Streets.shp" "D:\TEHRAN_UP\Tehran_1387-08-06\Street Final UTM.mdb" Streets # "COST COST true false false 19 Double 0 0 ,First,#,D:\TEHRAN_UP\Tehran_1387-08-06\Tehran Final Streets.shp,COST,-1,-1;NAME_FA NAME_FA true false false 75 Text 0 0 ,First,#,D:\TEHRAN_UP\Tehran_1387-08-06\Tehran Final Streets.shp,NAME_FA,-1,-1;DNAME_FA DNAME_FA true false false 10 Text 0 0 ,First,#,D:\TEHRAN_UP\Tehran_1387-08-06\Tehran Final Streets.shp,DNAME_FA,-1,-1;ONE_WAY ONE_WAY true false false 2 Text 0 0 ,First,#,D:\TEHRAN_UP\Tehran_1387-08-06\Tehran Final Streets.shp,ONE_WAY,-1,-1;TRAFIC TRAFIC true false false 4 Short 0 4 ,First,#,D:\TEHRAN_UP\Tehran_1387-08-06\Tehran Final Streets.shp,TRAFIC,-1,-1;TYPE TYPE true false false 4 Short 0 4 ,First,#,D:\TEHRAN_UP\Tehran_1387-08-06\Tehran Final Streets.shp,TYPE,-1,-1;RNAME_FA RNAME_FA true false false 50 Text 0 0 ,First,#,D:\TEHRAN_UP\Tehran_1387-08-06\Tehran Final Streets.shp,RNAME_FA,-1,-1;NAME_EN NAME_EN true false false 50 Text 0 0 ,First,#,D:\TEHRAN_UP\Tehran_1387-08-06\Tehran Final Streets.shp,NAME_EN,-1,-1;NAME_AR NAME_AR true false false 50 Text 0 0 ,First,#,D:\TEHRAN_UP\Tehran_1387-08-06\Tehran Final Streets.shp,NAME_AR,-1,-1;RNAME_EN RNAME_EN true false false 50 Text 0 0 ,First,#,D:\TEHRAN_UP\Tehran_1387-08-06\Tehran Final Streets.shp,RNAME_EN,-1,-1;RNAME_AR RNAME_AR true false false 50 Text 0 0 ,First,#,D:\TEHRAN_UP\Tehran_1387-08-06\Tehran Final Streets.shp,RNAME_AR,-1,-1;DNAME_EN DNAME_EN true false false 10 Text 0 0 ,First,#,D:\TEHRAN_UP\Tehran_1387-08-06\Tehran Final Streets.shp,DNAME_EN,-1,-1;DNAME_AR DNAME_AR true false false 10 Text 0 0 ,First,#,D:\TEHRAN_UP\Tehran_1387-08-06\Tehran Final Streets.shp,DNAME_AR,-1,-1" # "D:\TEHRAN_UP\Tehran_1387-08-06\Street Final UTM.mdb\Streets"</Process><Process ToolSource="D:\Application\ArcGIS 9.3\ArcGIS\ArcToolbox\Toolboxes\Data Management Tools.tbx\RepairGeometry" Date="20081028" Time="130900">RepairGeometry "D:\Tehran\Abootalebi\All\Tehran 1387-08-08\Geographic.shp" KEEP_NULL "D:\Tehran\Abootalebi\All\Tehran 1387-08-08\Geographic.shp"</Process><Process Name="FeatureClassToFeatureClass_1" ToolSource="D:\application\ArcGIS\ArcToolbox\Toolboxes\Conversion Tools.tbx\FeatureClassToFeatureClass" Date="20020307" Time="010801">FeatureClassToFeatureClass D:\TEHRAN_UP\Tehran_1387-08-09\Geographic.shp D:\TEHRAN_UP\Tehran_1387-08-09\Street_Geographic.mdb Street_Geographic # "OBJECTID OBJECTID true false false 9 Long 0 9 ,First,#,D:\TEHRAN_UP\Tehran_1387-08-09\Geographic.shp,OBJECTID,-1,-1;COST COST true false false 19 Double 11 18 ,First,#,D:\TEHRAN_UP\Tehran_1387-08-09\Geographic.shp,COST,-1,-1;NAME_FA NAME_FA true false false 75 Text 0 0 ,First,#,D:\TEHRAN_UP\Tehran_1387-08-09\Geographic.shp,NAME_FA,-1,-1;DNAME_FA DNAME_FA true false false 10 Text 0 0 ,First,#,D:\TEHRAN_UP\Tehran_1387-08-09\Geographic.shp,DNAME_FA,-1,-1;ONE_WAY ONE_WAY true false false 2 Text 0 0 ,First,#,D:\TEHRAN_UP\Tehran_1387-08-09\Geographic.shp,ONE_WAY,-1,-1;TRAFIC TRAFIC true false false 4 Short 0 4 ,First,#,D:\TEHRAN_UP\Tehran_1387-08-09\Geographic.shp,TRAFIC,-1,-1;TYPE TYPE true false false 4 Short 0 4 ,First,#,D:\TEHRAN_UP\Tehran_1387-08-09\Geographic.shp,TYPE,-1,-1;RNAME_FA RNAME_FA true false false 50 Text 0 0 ,First,#,D:\TEHRAN_UP\Tehran_1387-08-09\Geographic.shp,RNAME_FA,-1,-1;NAME_EN NAME_EN true false false 50 Text 0 0 ,First,#,D:\TEHRAN_UP\Tehran_1387-08-09\Geographic.shp,NAME_EN,-1,-1;NAME_AR NAME_AR true false false 50 Text 0 0 ,First,#,D:\TEHRAN_UP\Tehran_1387-08-09\Geographic.shp,NAME_AR,-1,-1;RNAME_EN RNAME_EN true false false 50 Text 0 0 ,First,#,D:\TEHRAN_UP\Tehran_1387-08-09\Geographic.shp,RNAME_EN,-1,-1;RNAME_AR RNAME_AR true false false 50 Text 0 0 ,First,#,D:\TEHRAN_UP\Tehran_1387-08-09\Geographic.shp,RNAME_AR,-1,-1;DNAME_EN DNAME_EN true false false 10 Text 0 0 ,First,#,D:\TEHRAN_UP\Tehran_1387-08-09\Geographic.shp,DNAME_EN,-1,-1;DNAME_AR DNAME_AR true false false 10 Text 0 0 ,First,#,D:\TEHRAN_UP\Tehran_1387-08-09\Geographic.shp,DNAME_AR,-1,-1;RECORD_ RECORD_ true false false 11 Double 0 11 ,First,#,D:\TEHRAN_UP\Tehran_1387-08-09\Geographic.shp,RECORD_,-1,-1;FJUNCTION FJUNCTION true false false 11 Double 0 11 ,First,#,D:\TEHRAN_UP\Tehran_1387-08-09\Geographic.shp,FJUNCTION,-1,-1;TJUNCTION TJUNCTION true false false 11 Double 0 11 ,First,#,D:\TEHRAN_UP\Tehran_1387-08-09\Geographic.shp,TJUNCTION,-1,-1" # D:\TEHRAN_UP\Tehran_1387-08-09\Street_Geographic.mdb\Street_Geographic</Process><Process Name="FeatureClassToFeatureClass_1" ToolSource="D:\Apllication\ArcGIS9.2\ArcGIS\ArcToolbox\Toolboxes\Conversion Tools.tbx\FeatureClassToFeatureClass" Date="20081102" Time="062628">FeatureClassToFeatureClass D:\##Tehran\Tehran_1387-08-12\Geo_01.shp D:\##Tehran\Tehran_1387-08-12\Street_08_12.mdb Street_08_12 # "OBJECTID_1 OBJECTID_1 true false false 9 Long 0 9 ,First,#,D:\##Tehran\Tehran_1387-08-12\Geo_01.shp,OBJECTID_1,-1,-1;OBJECTID OBJECTID true false false 9 Long 0 9 ,First,#,D:\##Tehran\Tehran_1387-08-12\Geo_01.shp,OBJECTID,-1,-1;COST COST true false false 19 Double 0 0 ,First,#,D:\##Tehran\Tehran_1387-08-12\Geo_01.shp,COST,-1,-1;NAME_FA NAME_FA true false false 75 Text 0 0 ,First,#,D:\##Tehran\Tehran_1387-08-12\Geo_01.shp,NAME_FA,-1,-1;DNAME_FA DNAME_FA true false false 10 Text 0 0 ,First,#,D:\##Tehran\Tehran_1387-08-12\Geo_01.shp,DNAME_FA,-1,-1;ONE_WAY ONE_WAY true false false 2 Text 0 0 ,First,#,D:\##Tehran\Tehran_1387-08-12\Geo_01.shp,ONE_WAY,-1,-1;TRAFIC TRAFIC true false false 4 Short 0 4 ,First,#,D:\##Tehran\Tehran_1387-08-12\Geo_01.shp,TRAFIC,-1,-1;TYPE TYPE true false false 4 Short 0 4 ,First,#,D:\##Tehran\Tehran_1387-08-12\Geo_01.shp,TYPE,-1,-1;RNAME_FA RNAME_FA true false false 50 Text 0 0 ,First,#,D:\##Tehran\Tehran_1387-08-12\Geo_01.shp,RNAME_FA,-1,-1;NAME_EN NAME_EN true false false 50 Text 0 0 ,First,#,D:\##Tehran\Tehran_1387-08-12\Geo_01.shp,NAME_EN,-1,-1;NAME_AR NAME_AR true false false 50 Text 0 0 ,First,#,D:\##Tehran\Tehran_1387-08-12\Geo_01.shp,NAME_AR,-1,-1;RNAME_EN RNAME_EN true false false 50 Text 0 0 ,First,#,D:\##Tehran\Tehran_1387-08-12\Geo_01.shp,RNAME_EN,-1,-1;RNAME_AR RNAME_AR true false false 50 Text 0 0 ,First,#,D:\##Tehran\Tehran_1387-08-12\Geo_01.shp,RNAME_AR,-1,-1;DNAME_EN DNAME_EN true false false 10 Text 0 0 ,First,#,D:\##Tehran\Tehran_1387-08-12\Geo_01.shp,DNAME_EN,-1,-1;DNAME_AR DNAME_AR true false false 10 Text 0 0 ,First,#,D:\##Tehran\Tehran_1387-08-12\Geo_01.shp,DNAME_AR,-1,-1;RECORD_ RECORD_ true false false 19 Double 0 0 ,First,#,D:\##Tehran\Tehran_1387-08-12\Geo_01.shp,RECORD_,-1,-1;FJUNCTION FJUNCTION true false false 19 Double 0 0 ,First,#,D:\##Tehran\Tehran_1387-08-12\Geo_01.shp,FJUNCTION,-1,-1;TJUNCTION TJUNCTION true false false 19 Double 0 0 ,First,#,D:\##Tehran\Tehran_1387-08-12\Geo_01.shp,TJUNCTION,-1,-1;Shape_Leng Shape_Leng true false false 19 Double 0 0 ,First,#,D:\##Tehran\Tehran_1387-08-12\Geo_01.shp,Shape_Leng,-1,-1" # D:\##Tehran\Tehran_1387-08-12\Street_08_12.mdb\Street_08_12</Process><Process Name="FeatureClassToFeatureClass_3" ToolSource="C:\Application\ArcGIS92\ArcGIS\ArcToolbox\Toolboxes\Conversion Tools.tbx\FeatureClassToFeatureClass" Date="20081209" Time="114713">FeatureClassToFeatureClass "D:\Tehran 1387-09-18\All Street\Street_All_Geographic.shp" "D:\Tehran 1387-09-18\Final Street.mdb\Final Geographic" Final_Street # "OBJECTID_1 OBJECTID_1 true false false 9 Long 0 9 ,First,#,D:\Tehran 1387-09-18\All Street\Street_All_Geographic.shp,OBJECTID_1,-1,-1;COST COST true false false 19 Double 0 0 ,First,#,D:\Tehran 1387-09-18\All Street\Street_All_Geographic.shp,COST,-1,-1;NAME_FA NAME_FA true false false 75 Text 0 0 ,First,#,D:\Tehran 1387-09-18\All Street\Street_All_Geographic.shp,NAME_FA,-1,-1;DNAME_FA DNAME_FA true false false 10 Text 0 0 ,First,#,D:\Tehran 1387-09-18\All Street\Street_All_Geographic.shp,DNAME_FA,-1,-1;ONE_WAY ONE_WAY true false false 2 Text 0 0 ,First,#,D:\Tehran 1387-09-18\All Street\Street_All_Geographic.shp,ONE_WAY,-1,-1;TRAFIC TRAFIC true false false 4 Short 0 4 ,First,#,D:\Tehran 1387-09-18\All Street\Street_All_Geographic.shp,TRAFIC,-1,-1;TYPE TYPE true false false 4 Short 0 4 ,First,#,D:\Tehran 1387-09-18\All Street\Street_All_Geographic.shp,TYPE,-1,-1;RNAME_FA RNAME_FA true false false 50 Text 0 0 ,First,#,D:\Tehran 1387-09-18\All Street\Street_All_Geographic.shp,RNAME_FA,-1,-1;Shape_Leng Shape_Leng true false false 19 Double 0 0 ,First,#,D:\Tehran 1387-09-18\All Street\Street_All_Geographic.shp,Shape_Leng,-1,-1" # "D:\Tehran 1387-09-18\Final Street.mdb\Final Geographic\Final_Street"</Process><Process Name="FeatureClassToFeatureClass_2" ToolSource="D:\Application\ArcGIS9.2\ArcGIS\ArcToolbox\Toolboxes\Conversion Tools.tbx\FeatureClassToFeatureClass" Date="20081216" Time="015642">FeatureClassToFeatureClass D:\1387-09-26\Street_Geographic_New_2.shp D:\1387-09-26\New.mdb\Street ST # "OBJECTID OBJECTID true false false 9 Long 0 9 ,First,#,D:\1387-09-26\Street_Geographic_New_2.shp,OBJECTID,-1,-1;OBJECTID_1 OBJECTID_1 true false false 9 Long 0 9 ,First,#,D:\1387-09-26\Street_Geographic_New_2.shp,OBJECTID_1,-1,-1;COST COST true false false 19 Double 0 0 ,First,#,D:\1387-09-26\Street_Geographic_New_2.shp,COST,-1,-1;NAME_FA NAME_FA true false false 75 Text 0 0 ,First,#,D:\1387-09-26\Street_Geographic_New_2.shp,NAME_FA,-1,-1;DNAME_FA DNAME_FA true false false 10 Text 0 0 ,First,#,D:\1387-09-26\Street_Geographic_New_2.shp,DNAME_FA,-1,-1;ONE_WAY ONE_WAY true false false 2 Text 0 0 ,First,#,D:\1387-09-26\Street_Geographic_New_2.shp,ONE_WAY,-1,-1;TRAFIC TRAFIC true false false 4 Short 0 4 ,First,#,D:\1387-09-26\Street_Geographic_New_2.shp,TRAFIC,-1,-1;TYPE TYPE true false false 4 Short 0 4 ,First,#,D:\1387-09-26\Street_Geographic_New_2.shp,TYPE,-1,-1;RNAME_FA RNAME_FA true false false 50 Text 0 0 ,First,#,D:\1387-09-26\Street_Geographic_New_2.shp,RNAME_FA,-1,-1;Shape_Leng Shape_Leng true false false 19 Double 0 0 ,First,#,D:\1387-09-26\Street_Geographic_New_2.shp,Shape_Leng,-1,-1;Shape_Le_1 Shape_Le_1 true false false 19 Double 0 0 ,First,#,D:\1387-09-26\Street_Geographic_New_2.shp,Shape_Le_1,-1,-1" # D:\1387-09-26\New.mdb\Street\ST</Process><Process Name="FeatureClassToFeatureClass_3" ToolSource="C:\Application\ArcGIS92\ArcGIS\ArcToolbox\Toolboxes\Conversion Tools.tbx\FeatureClassToFeatureClass" Date="20081217" Time="012935">FeatureClassToFeatureClass C:\1387-09-26\Final\Street_Geographic_Rafatpey2.shp C:\1387-09-26\Final\Geographic.mdb\Final Street2 # "OBJECTID_1 OBJECTID_1 true false false 9 Long 0 9 ,First,#,C:\1387-09-26\Final\Street_Geographic_Rafatpey2.shp,OBJECTID_1,-1,-1;OBJECTID OBJECTID true false false 9 Long 0 9 ,First,#,C:\1387-09-26\Final\Street_Geographic_Rafatpey2.shp,OBJECTID,-1,-1;OBJECTID_2 OBJECTID_2 true false false 9 Long 0 9 ,First,#,C:\1387-09-26\Final\Street_Geographic_Rafatpey2.shp,OBJECTID_2,-1,-1;COST COST true false false 19 Double 0 0 ,First,#,C:\1387-09-26\Final\Street_Geographic_Rafatpey2.shp,COST,-1,-1;NAME_FA NAME_FA true false false 75 Text 0 0 ,First,#,C:\1387-09-26\Final\Street_Geographic_Rafatpey2.shp,NAME_FA,-1,-1;DNAME_FA DNAME_FA true false false 10 Text 0 0 ,First,#,C:\1387-09-26\Final\Street_Geographic_Rafatpey2.shp,DNAME_FA,-1,-1;ONE_WAY ONE_WAY true false false 2 Text 0 0 ,First,#,C:\1387-09-26\Final\Street_Geographic_Rafatpey2.shp,ONE_WAY,-1,-1;TRAFIC TRAFIC true false false 4 Short 0 4 ,First,#,C:\1387-09-26\Final\Street_Geographic_Rafatpey2.shp,TRAFIC,-1,-1;TYPE TYPE true false false 4 Short 0 4 ,First,#,C:\1387-09-26\Final\Street_Geographic_Rafatpey2.shp,TYPE,-1,-1;RNAME_FA RNAME_FA true false false 50 Text 0 0 ,First,#,C:\1387-09-26\Final\Street_Geographic_Rafatpey2.shp,RNAME_FA,-1,-1;Shape_Leng Shape_Leng true false false 19 Double 0 0 ,First,#,C:\1387-09-26\Final\Street_Geographic_Rafatpey2.shp,Shape_Leng,-1,-1;Shape_Le_1 Shape_Le_1 true false false 19 Double 0 0 ,First,#,C:\1387-09-26\Final\Street_Geographic_Rafatpey2.shp,Shape_Le_1,-1,-1;Shape_Le_2 Shape_Le_2 true false false 19 Double 0 0 ,First,#,C:\1387-09-26\Final\Street_Geographic_Rafatpey2.shp,Shape_Le_2,-1,-1" # C:\1387-09-26\Final\Geographic.mdb\Final\Street2</Process></lineage></DataProperties><SyncDate>20081217</SyncDate><SyncTime>01283000</SyncTime><ModDate>20081217</ModDate><ModTime>01283000</ModTime><MetaID>{9E485C86-33CF-461C-936D-66395CFED26A}</MetaID></Esri><idinfo><native Sync="TRUE">Microsoft Windows XP Version 5.1 (Build 2600) Service Pack 2; ESRI ArcCatalog 9.2.0.1324</native><descript><langdata Sync="TRUE">fa</langdata><abstract>REQUIRED: A brief narrative summary of the data set.</abstract><purpose>REQUIRED: A summary of the intentions with which the data set was developed.</purpose></descript><citation><citeinfo><origin>REQUIRED: The name of an organization or individual that developed the data set.</origin><pubdate>REQUIRED: The date when the data set is published or otherwise made available for release.</pubdate><title Sync="TRUE">Street2</title><ftname Sync="TRUE">Street2</ftname><geoform Sync="TRUE">vector digital data</geoform><onlink Sync="TRUE"></onlink></citeinfo></citation><timeperd><current>REQUIRED: The basis on which the time period of content information is determined.</current><timeinfo><sngdate><caldate>REQUIRED: The year (and optionally month, or month and day) for which the data set corresponds to the ground.</caldate></sngdate></timeinfo></timeperd><status><progress>REQUIRED: The state of the data set.</progress><update>REQUIRED: The frequency with which changes and additions are made to the data set after the initial data set is completed.</update></status><spdom><bounding><westbc Sync="TRUE">REQUIRED: Western-most coordinate of the limit of coverage expressed in longitude.</westbc><eastbc Sync="TRUE">REQUIRED: Eastern-most coordinate of the limit of coverage expressed in longitude.</eastbc><northbc Sync="TRUE">REQUIRED: Northern-most coordinate of the limit of coverage expressed in latitude.</northbc><southbc Sync="TRUE">REQUIRED: Southern-most coordinate of the limit of coverage expressed in latitude.</southbc></bounding></spdom><keywords><theme><themekt>REQUIRED: Reference to a formally registered thesaurus or a similar authoritative source of theme keywords.</themekt><themekey>REQUIRED: Common-use word or phrase used to describe the subject of the data set.</themekey></theme></keywords><accconst>REQUIRED: Restrictions and legal prerequisites for accessing the data set.</accconst><useconst>REQUIRED: Restrictions and legal prerequisites for using the data set after access is granted.</useconst><natvform Sync="TRUE">Personal GeoDatabase Feature Class</natvform></idinfo><dataIdInfo><envirDesc Sync="TRUE">Microsoft Windows XP Version 5.1 (Build 2600) Service Pack 2; ESRI ArcCatalog 9.2.0.1324</envirDesc><dataLang><languageCode Sync="TRUE" value="fa"></languageCode></dataLang><idCitation><resTitle Sync="TRUE">Street2</resTitle><presForm><PresFormCd Sync="TRUE" value="005"></PresFormCd></presForm></idCitation><spatRpType><SpatRepTypCd Sync="TRUE" value="001"></SpatRepTypCd></spatRpType></dataIdInfo><metainfo><langmeta Sync="TRUE">fa</langmeta><metstdn Sync="TRUE">FGDC Content Standards for Digital Geospatial Metadata</metstdn><metstdv Sync="TRUE">FGDC-STD-001-1998</metstdv><mettc Sync="TRUE">local time</mettc><metc><cntinfo><cntorgp><cntper>REQUIRED: The person responsible for the metadata information.</cntper><cntorg>REQUIRED: The organization responsible for the metadata information.</cntorg></cntorgp><cntaddr><addrtype>REQUIRED: The mailing and/or physical address for the organization or individual.</addrtype><city>REQUIRED: The city of the address.</city><state>REQUIRED: The state or province of the address.</state><postal>REQUIRED: The ZIP or other postal code of the address.</postal></cntaddr><cntvoice>REQUIRED: The telephone number by which individuals can speak to the organization or individual.</cntvoice></cntinfo></metc><metd Sync="TRUE">20081217</metd><metextns><onlink Sync="TRUE">http://www.esri.com/metadata/esriprof80.html</onlink><metprof Sync="TRUE">ESRI Metadata Profile</metprof></metextns></metainfo><mdLang><languageCode Sync="TRUE" value="fa"></languageCode></mdLang><mdStanName Sync="TRUE">ISO 19115 Geographic Information - Metadata</mdStanName><mdStanVer Sync="TRUE">DIS_ESRI1.0</mdStanVer><mdChar><CharSetCd Sync="TRUE" value="004"></CharSetCd></mdChar><mdHrLv><ScopeCd Sync="TRUE" value="005"></ScopeCd></mdHrLv><mdHrLvName Sync="TRUE">dataset</mdHrLvName><distinfo><resdesc Sync="TRUE">Downloadable Data</resdesc><stdorder><digform><digtinfo><transize Sync="TRUE">0.000</transize><dssize Sync="TRUE">0.000</dssize></digtinfo></digform></stdorder></distinfo><distInfo><distributor><distorTran><onLineSrc><orDesc Sync="TRUE">002</orDesc><linkage Sync="TRUE">file://</linkage><protocol Sync="TRUE">Local Area Network</protocol></onLineSrc><transSize Sync="TRUE">0.000</transSize></distorTran><distorFormat><formatName Sync="TRUE">Personal GeoDatabase Feature Class</formatName></distorFormat></distributor></distInfo><spdoinfo><direct Sync="TRUE">Vector</direct><ptvctinf><esriterm Name="Street2"><efeatyp Sync="TRUE">Simple</efeatyp><efeageom Sync="TRUE">Polyline</efeageom><esritopo Sync="TRUE">FALSE</esritopo><efeacnt Sync="TRUE">0</efeacnt><spindex Sync="TRUE">TRUE</spindex><linrefer Sync="TRUE">FALSE</linrefer></esriterm><sdtsterm Name="Street2"><sdtstype Sync="TRUE">String</sdtstype><ptvctcnt Sync="TRUE">0</ptvctcnt></sdtsterm></ptvctinf></spdoinfo><spref><horizsys><cordsysn><geogcsn Sync="TRUE">GCS_WGS_1984</geogcsn></cordsysn><geodetic><horizdn Sync="TRUE">D_WGS_1984</horizdn><ellips Sync="TRUE">WGS_1984</ellips><semiaxis Sync="TRUE">6378137.000000</semiaxis><denflat Sync="TRUE">298.257224</denflat></geodetic><geograph><geogunit Sync="TRUE">Decimal degrees</geogunit><latres Sync="TRUE">0.000000</latres><longres Sync="TRUE">0.000000</longres></geograph></horizsys><vertdef><altsys><altenc Sync="TRUE">Explicit elevation coordinate included with horizontal coordinates</altenc><altres Sync="TRUE">0.000100</altres></altsys></vertdef></spref><refSysInfo><RefSystem><refSysID><identCode Sync="TRUE">GCS_WGS_1984</identCode></refSysID></RefSystem></refSysInfo><spatRepInfo><VectSpatRep><topLvl><TopoLevCd Sync="TRUE" value="001"></TopoLevCd></topLvl><geometObjs Name="Street2"><geoObjTyp><GeoObjTypCd Sync="TRUE" value="001"></GeoObjTypCd></geoObjTyp><geoObjCnt Sync="TRUE">0</geoObjCnt></geometObjs></VectSpatRep></spatRepInfo><eainfo><detailed Name="Street2"><attr><attrlabl Sync="TRUE">OBJECTID_1</attrlabl><attalias Sync="TRUE">OBJECTID_1</attalias><attrtype Sync="TRUE">OID</attrtype><attwidth Sync="TRUE">4</attwidth><atprecis Sync="TRUE">0</atprecis><attscale Sync="TRUE">0</attscale><attrdef Sync="TRUE">Internal feature number.</attrdef><attrdefs Sync="TRUE">ESRI</attrdefs><attrdomv><udom Sync="TRUE">Sequential unique whole numbers that are automatically generated.</udom></attrdomv></attr><attr><attrlabl Sync="TRUE">OBJECTID_12</attrlabl><attalias Sync="TRUE">OBJECTID_12</attalias><attrtype Sync="TRUE">OID</attrtype><attwidth Sync="TRUE">4</attwidth><atprecis Sync="TRUE">0</atprecis><attscale Sync="TRUE">0</attscale><attrdef Sync="TRUE">Internal feature number.</attrdef><attrdefs Sync="TRUE">ESRI</attrdefs><attrdomv><udom Sync="TRUE">Sequential unique whole numbers that are automatically generated.</udom></attrdomv></attr><enttyp><enttypl Sync="TRUE">Street2</enttypl><enttypt Sync="TRUE">Feature Class</enttypt><enttypc Sync="TRUE">0</enttypc></enttyp><attr><attrlabl Sync="TRUE">Shape</attrlabl><attalias Sync="TRUE">Shape</attalias><attrtype Sync="TRUE">Geometry</attrtype><attwidth Sync="TRUE">0</attwidth><atprecis Sync="TRUE">0</atprecis><attscale Sync="TRUE">0</attscale><attrdef Sync="TRUE">Feature geometry.</attrdef><attrdefs Sync="TRUE">ESRI</attrdefs><attrdomv><udom Sync="TRUE">Coordinates defining the features.</udom></attrdomv></attr><attr><attrlabl Sync="TRUE">COST</attrlabl><attalias Sync="TRUE">COST</attalias><attrtype Sync="TRUE">Float</attrtype><attwidth Sync="TRUE">19</attwidth><atnumdec Sync="TRUE">11</atnumdec></attr><attr><attrlabl Sync="TRUE">OBJECTID_2</attrlabl><attalias Sync="TRUE">OBJECTID_2</attalias><attrtype Sync="TRUE">Integer</attrtype><attwidth Sync="TRUE">4</attwidth><atprecis Sync="TRUE">0</atprecis><attscale Sync="TRUE">0</attscale></attr><attr><attrlabl Sync="TRUE">NAME_FA</attrlabl><attalias Sync="TRUE">NAME_FA</attalias><attrtype Sync="TRUE">String</attrtype><attwidth Sync="TRUE">75</attwidth></attr><attr><attrlabl Sync="TRUE">DNAME_FA</attrlabl><attalias Sync="TRUE">DNAME_FA</attalias><attrtype Sync="TRUE">String</attrtype><attwidth Sync="TRUE">10</attwidth></attr><attr><attrlabl Sync="TRUE">ONE_WAY</attrlabl><attalias Sync="TRUE">ONE_WAY</attalias><attrtype Sync="TRUE">String</attrtype><attwidth Sync="TRUE">2</attwidth></attr><attr><attrlabl Sync="TRUE">TRAFIC</attrlabl><attalias Sync="TRUE">TRAFIC</attalias><attrtype Sync="TRUE">Number</attrtype><attwidth Sync="TRUE">4</attwidth></attr><attr><attrlabl Sync="TRUE">TYPE</attrlabl><attalias Sync="TRUE">TYPE</attalias><attrtype Sync="TRUE">Number</attrtype><attwidth Sync="TRUE">4</attwidth></attr><attr><attrlabl Sync="TRUE">RNAME_FA</attrlabl><attalias Sync="TRUE">RNAME_FA</attalias><attrtype Sync="TRUE">String</attrtype><attwidth Sync="TRUE">50</attwidth></attr><attr><attrlabl Sync="TRUE">OBJECTID</attrlabl><attalias Sync="TRUE">OBJECTID</attalias><attrtype Sync="TRUE">OID</attrtype><attwidth Sync="TRUE">4</attwidth><atprecis Sync="TRUE">0</atprecis><attscale Sync="TRUE">0</attscale><attrdef Sync="TRUE">Internal feature number.</attrdef><attrdefs Sync="TRUE">ESRI</attrdefs><attrdomv><udom Sync="TRUE">Sequential unique whole numbers that are automatically generated.</udom></attrdomv></attr><attr><attrlabl Sync="TRUE">Shape_Leng</attrlabl><attalias Sync="TRUE">Shape_Leng</attalias><attrtype Sync="TRUE">Double</attrtype><attwidth Sync="TRUE">8</attwidth><atprecis Sync="TRUE">0</atprecis><attscale Sync="TRUE">0</attscale></attr><attr><attrlabl Sync="TRUE">Shape_Le_1</attrlabl><attalias Sync="TRUE">Shape_Le_1</attalias><attrtype Sync="TRUE">Double</attrtype><attwidth Sync="TRUE">8</attwidth><atprecis Sync="TRUE">0</atprecis><attscale Sync="TRUE">0</attscale></attr><attr><attrlabl Sync="TRUE">Shape_Le_2</attrlabl><attalias Sync="TRUE">Shape_Le_2</attalias><attrtype Sync="TRUE">Double</attrtype><attwidth Sync="TRUE">8</attwidth><atprecis Sync="TRUE">0</atprecis><attscale Sync="TRUE">0</attscale></attr><attr><attrlabl Sync="TRUE">Shape_Length</attrlabl><attalias Sync="TRUE">Shape_Length</attalias><attrtype Sync="TRUE">Double</attrtype><attwidth Sync="TRUE">8</attwidth><atprecis Sync="TRUE">0</atprecis><attscale Sync="TRUE">0</attscale><attrdef Sync="TRUE">Length of feature in internal units.</attrdef><attrdefs Sync="TRUE">ESRI</attrdefs><attrdomv><udom Sync="TRUE">Positive real numbers that are automatically generated.</udom></attrdomv></attr></detailed></eainfo><mdDateSt Sync="TRUE">20081217</mdDateSt><dataqual><lineage><procstep><procdesc Sync="TRUE">Dataset copied.</procdesc><srcused Sync="TRUE"></srcused><date Sync="TRUE">20080905</date><time Sync="TRUE">15342500</time></procstep><procstep><procdesc Sync="TRUE">Dataset copied.</procdesc><srcused Sync="TRUE">\\ABOOTALEBI\D$\Tehran\Abootalebi\All\Tehran 1387-05-23\Streets\Final_UTM.mdb</srcused><date Sync="TRUE">20080907</date><time Sync="TRUE">10292300</time></procstep><procstep><procdesc Sync="TRUE">Dataset copied.</procdesc><srcused Sync="TRUE"></srcused><date Sync="TRUE">20050726</date><time Sync="TRUE">09282500</time></procstep><procstep><procdesc Sync="TRUE">Dataset copied.</procdesc><srcused Sync="TRUE"></srcused><date Sync="TRUE">20020109</date><time Sync="TRUE">16593300</time></procstep><procstep><procdesc Sync="TRUE">Dataset copied.</procdesc><srcused Sync="TRUE"></srcused><date Sync="TRUE">20020122</date><time Sync="TRUE">21471400</time></procstep><procstep><procdesc Sync="TRUE">Dataset copied.</procdesc><srcused Sync="TRUE"></srcused><date Sync="TRUE">20020125</date><time Sync="TRUE">20184700</time></procstep><procstep><procdesc Sync="TRUE">Dataset copied.</procdesc><srcused Sync="TRUE"></srcused><date Sync="TRUE">20020215</date><time Sync="TRUE">17275100</time></procstep><procstep><procdesc Sync="TRUE">Dataset copied.</procdesc><srcused Sync="TRUE"></srcused><date Sync="TRUE">20020216</date><time Sync="TRUE">23242400</time></procstep><procstep><procdesc Sync="TRUE">Dataset copied.</procdesc><srcused Sync="TRUE"></srcused><date Sync="TRUE">20020218</date><time Sync="TRUE">04462700</time></procstep><procstep><procdesc Sync="TRUE">Dataset copied.</procdesc><srcused Sync="TRUE"></srcused><date Sync="TRUE">20020218</date><time Sync="TRUE">22355700</time></procstep><procstep><procdesc Sync="TRUE">Dataset copied.</procdesc><srcused Sync="TRUE">\\PC_8\TEHRAN_UP\Tehran 1387-08-05\Final_Street.mdb</srcused><date Sync="TRUE">20020302</date><time Sync="TRUE">23271800</time></procstep><procstep><procdesc Sync="TRUE">Dataset copied.</procdesc><srcused Sync="TRUE">\\ABOOTALEBI\D$\Tehran\Abootalebi\All\Tehran_1387-08-06\Steet_UTM_05.mdb</srcused><procdate Sync="TRUE">20081025</procdate><proctime Sync="TRUE">19035000</proctime></procstep><procstep><procdesc Sync="TRUE">Dataset copied.</procdesc><srcused Sync="TRUE">\\ABOOTALEBI\D$\Tehran\Abootalebi\All\Tehran 1387-08-08\Street Final UTM 1387-08-08.mdb</srcused><procdate Sync="TRUE">20081028</procdate><proctime Sync="TRUE">09383100</proctime></procstep><procstep><procdesc Sync="TRUE">Dataset copied.</procdesc><srcused Sync="TRUE"></srcused><procdate Sync="TRUE">20081028</procdate><proctime Sync="TRUE">09421800</proctime></procstep><procstep><procdesc Sync="TRUE">Dataset copied.</procdesc><srcused Sync="TRUE"></srcused><procdate Sync="TRUE">20081028</procdate><proctime Sync="TRUE">13121500</proctime></procstep><procstep><procdesc Sync="TRUE">Dataset copied.</procdesc><srcused Sync="TRUE"></srcused><procdate Sync="TRUE">20081028</procdate><proctime Sync="TRUE">13141700</proctime></procstep><procstep><procdesc Sync="TRUE">Dataset copied.</procdesc><srcused Sync="TRUE"></srcused><procdate Sync="TRUE">20081028</procdate><proctime Sync="TRUE">13492300</proctime></procstep><procstep><procdesc Sync="TRUE">Dataset copied.</procdesc><srcused Sync="TRUE"></srcused><procdate Sync="TRUE">20081028</procdate><proctime Sync="TRUE">18302000</proctime></procstep><procstep><procdesc Sync="TRUE">Dataset copied.</procdesc><srcused Sync="TRUE"></srcused><date Sync="TRUE">20081029</date><time Sync="TRUE">07045200</time></procstep><procstep><procdesc Sync="TRUE">Dataset copied.</procdesc><srcused Sync="TRUE"></srcused><date Sync="TRUE">20081029</date><time Sync="TRUE">07290100</time></procstep><procstep><procdesc Sync="TRUE">Dataset copied.</procdesc><srcused Sync="TRUE">\\PC_12\D$\##Tehran\Tehran_1387-08-12\Street_Geographic.mdb</srcused><date Sync="TRUE">20081102</date><time Sync="TRUE">02023000</time></procstep><procstep><procdesc Sync="TRUE">Dataset copied.</procdesc><srcused Sync="TRUE">\\ABOOTALEBI\D$\Tehran\Abootalebi\All\Tehran 1387-08-14\Street_08_12.mdb</srcused><date Sync="TRUE">20081103</date><time Sync="TRUE">10053900</time></procstep><procstep><procdesc Sync="TRUE">Dataset copied.</procdesc><srcused Sync="TRUE"></srcused><date Sync="TRUE">20081103</date><time Sync="TRUE">15305000</time></procstep><procstep><procdesc Sync="TRUE">Dataset copied.</procdesc><srcused Sync="TRUE"></srcused><date Sync="TRUE">20081109</date><time Sync="TRUE">02192700</time></procstep><procstep><procdesc Sync="TRUE">Dataset copied.</procdesc><srcused Sync="TRUE"></srcused><date Sync="TRUE">20020408</date><time Sync="TRUE">21561800</time></procstep><procstep><procdesc Sync="TRUE">Dataset copied.</procdesc><srcused Sync="TRUE"></srcused><date Sync="TRUE">20020414</date><time Sync="TRUE">05060300</time></procstep><procstep><procdesc Sync="TRUE">Dataset copied.</procdesc><srcused Sync="TRUE"></srcused><date Sync="TRUE">20020415</date><time Sync="TRUE">06020100</time></procstep><procstep><procdesc Sync="TRUE">Dataset copied.</procdesc><srcused Sync="TRUE">\\MIAAD\D$\Tehran 1387-09-18\Final Street.mdb</srcused><date Sync="TRUE">20081209</date><time Sync="TRUE">16151200</time></procstep><procstep><procdesc Sync="TRUE">Dataset copied.</procdesc><srcused Sync="TRUE"></srcused><date Sync="TRUE">20081212</date><time Sync="TRUE">22521100</time></procstep><procstep><procdesc Sync="TRUE">Dataset copied.</procdesc><srcused Sync="TRUE"></srcused><date Sync="TRUE">20081214</date><time Sync="TRUE">07085500</time></procstep><procstep><procdesc Sync="TRUE">Dataset copied.</procdesc><srcused Sync="TRUE"></srcused><date Sync="TRUE">20081215</date><time Sync="TRUE">22144900</time></procstep><procstep><procdesc Sync="TRUE">Dataset copied.</procdesc><srcused Sync="TRUE"></srcused><date Sync="TRUE">20081216</date><time Sync="TRUE">01042800</time></procstep><procstep><procdesc Sync="TRUE">Dataset copied.</procdesc><srcused Sync="TRUE"></srcused><date Sync="TRUE">20081216</date><time Sync="TRUE">01472200</time></procstep><procstep><procdesc Sync="TRUE">Dataset copied.</procdesc><srcused Sync="TRUE">\\ABOOTALEBI\D$\1387-09-26\New.mdb</srcused><date Sync="TRUE">20081216</date><time Sync="TRUE">06422000</time></procstep><procstep><procdesc Sync="TRUE">Dataset copied.</procdesc><srcused Sync="TRUE">\\MIAAD\C$\1387-09-26\Final\Geographic.mdb</srcused><date Sync="TRUE">20081218</date><time Sync="TRUE">09113200</time></procstep><procstep><procdesc Sync="TRUE">Dataset copied.</procdesc><srcused Sync="TRUE"></srcused><date Sync="TRUE">20081218</date><time Sync="TRUE">03103300</time></procstep><procstep><procdesc Sync="TRUE">Dataset copied.</procdesc><srcused Sync="TRUE"></srcused><date Sync="TRUE">20081218</date><time Sync="TRUE">05272100</time></procstep><procstep><procdesc Sync="TRUE">Dataset copied.</procdesc><srcused Sync="TRUE"></srcused><date Sync="TRUE">20081218</date><time Sync="TRUE">05594300</time></procstep><procstep><procdesc Sync="TRUE">Dataset copied.</procdesc><srcused Sync="TRUE"></srcused><date Sync="TRUE">20081218</date><time Sync="TRUE">06365900</time></procstep><procstep><procdesc Sync="TRUE">Dataset copied.</procdesc><srcused Sync="TRUE"></srcused><date Sync="TRUE">20081218</date><time Sync="TRUE">06541600</time></procstep><procstep><procdesc Sync="TRUE">Dataset copied.</procdesc><srcused Sync="TRUE"></srcused><date Sync="TRUE">20081220</date><time Sync="TRUE">10462500</time></procstep><procstep><procdesc Sync="TRUE">Dataset copied.</procdesc><srcused Sync="TRUE"></srcused><date Sync="TRUE">20081220</date><time Sync="TRUE">04384300</time></procstep><procstep><procdesc Sync="TRUE">Dataset copied.</procdesc><srcused Sync="TRUE"></srcused><date Sync="TRUE">20081220</date><time Sync="TRUE">04493700</time></procstep><procstep><procdesc Sync="TRUE">Dataset copied.</procdesc><srcused Sync="TRUE"></srcused><date Sync="TRUE">20100107</date><time Sync="TRUE">12211300</time></procstep></lineage></dataqual></metadata>
