<?xml version="1.0" encoding="UTF-8"?>
<metadata xml:lang="fa"><Esri><CreaDate>20190422</CreaDate><CreaTime>12444300</CreaTime><ArcGISFormat>1.0</ArcGISFormat><SyncOnce>TRUE</SyncOnce><DataProperties><lineage><Process ToolSource="c:\program files (x86)\arcgis\desktop10.1\ArcToolbox\Toolboxes\Data Management Tools.tbx\CalculateField" Date="20150806" Time="101239">CalculateField "محله مبناي اداره آمار" Zone ""M"' &amp; [zone_]" VB #</Process><Process ToolSource="c:\program files (x86)\arcgis\desktop10.1\ArcToolbox\Toolboxes\Data Management Tools.tbx\CalculateField" Date="20150806" Time="101308">CalculateField "محله مبناي اداره آمار" Zone ""M"' &amp; [zone_]" VB #</Process><Process ToolSource="c:\program files (x86)\arcgis\desktop10.1\ArcToolbox\Toolboxes\Data Management Tools.tbx\CalculateField" Date="20150806" Time="101418">CalculateField "محله مبناي اداره آمار" Zone ""M" &amp; [zone_]" VB #</Process><Process ToolSource="c:\program files (x86)\arcgis\desktop10.2\ArcToolbox\Toolboxes\Data Management Tools.tbx\CalculateField" Date="20201119" Time="124935">CalculateField mahalat Zone "منطقه یک" VB #</Process><Process ToolSource="c:\program files (x86)\arcgis\desktop10.2\ArcToolbox\Toolboxes\Data Management Tools.tbx\CalculateField" Date="20201119" Time="125059">CalculateField mahalat Zone "منطقه دو" VB #</Process><Process ToolSource="c:\program files (x86)\arcgis\desktop10.2\ArcToolbox\Toolboxes\Data Management Tools.tbx\CalculateField" Date="20201119" Time="125216">CalculateField mahalat Zone "منطقه سه" VB #</Process><Process ToolSource="c:\program files (x86)\arcgis\desktop10.2\ArcToolbox\Toolboxes\Data Management Tools.tbx\CalculateField" Date="20201119" Time="131541">CalculateField mahalat Zone "منطقه ده" VB #</Process><Process ToolSource="c:\program files (x86)\arcgis\desktop10.2\ArcToolbox\Toolboxes\Data Management Tools.tbx\CalculateField" Date="20201119" Time="131639">CalculateField mahalat Zone "منطقه یازده" VB #</Process><Process ToolSource="c:\program files (x86)\arcgis\desktop10.2\ArcToolbox\Toolboxes\Data Management Tools.tbx\CalculateField" Date="20201119" Time="131732">CalculateField mahalat Zone "منطقه دوازده" VB #</Process><Process ToolSource="c:\program files (x86)\arcgis\desktop10.2\ArcToolbox\Toolboxes\Data Management Tools.tbx\CalculateField" Date="20201119" Time="131757">CalculateField mahalat Zone "منطقه سیزده" VB #</Process><Process ToolSource="c:\program files (x86)\arcgis\desktop10.2\ArcToolbox\Toolboxes\Data Management Tools.tbx\CalculateField" Date="20201119" Time="131911">CalculateField mahalat Zone "منطقه چهارده" VB #</Process><Process ToolSource="c:\program files (x86)\arcgis\desktop10.2\ArcToolbox\Toolboxes\Data Management Tools.tbx\CalculateField" Date="20201119" Time="131953">CalculateField mahalat Zone "منطقه پانزده" VB #</Process><Process ToolSource="c:\program files (x86)\arcgis\desktop10.2\ArcToolbox\Toolboxes\Data Management Tools.tbx\CalculateField" Date="20201119" Time="132029">CalculateField mahalat Zone "منطقه هشت" VB #</Process><Process ToolSource="c:\program files (x86)\arcgis\desktop10.2\ArcToolbox\Toolboxes\Data Management Tools.tbx\CalculateField" Date="20201119" Time="132103">CalculateField mahalat Zone "منطقه نه" VB #</Process><Process ToolSource="c:\program files (x86)\arcgis\desktop10.2\ArcToolbox\Toolboxes\Data Management Tools.tbx\CalculateField" Date="20201119" Time="132230">CalculateField mahalat Zone "منطقه چهار" VB #</Process><Process ToolSource="c:\program files (x86)\arcgis\desktop10.2\ArcToolbox\Toolboxes\Data Management Tools.tbx\CalculateField" Date="20201119" Time="132250">CalculateField mahalat Zone "منطقه پنج" VB #</Process><Process ToolSource="c:\program files (x86)\arcgis\desktop10.2\ArcToolbox\Toolboxes\Data Management Tools.tbx\CalculateField" Date="20201119" Time="132359">CalculateField mahalat Zone "منطقه شش" VB #</Process><Process ToolSource="c:\program files (x86)\arcgis\desktop10.2\ArcToolbox\Toolboxes\Data Management Tools.tbx\CalculateField" Date="20201119" Time="132417">CalculateField mahalat Zone "منطقه هفت" VB #</Process><Process ToolSource="c:\program files (x86)\arcgis\desktop10.2\ArcToolbox\Toolboxes\Data Management Tools.tbx\CalculateField" Date="20201119" Time="132653">CalculateField mahalat Name "" محله"&amp; [Name]" VB #</Process></lineage></DataProperties></Esri></metadata>
